ID;STATUS;X1;X2;X3;X4;X5;X6;X7;X8;X9;X10;X11;X12;X13;X14;X15;X16;X17;X18;X19;X20;X21;X22;X23;X24;X25;X26;X27;X28;X29;X30
1;-1;0.012538;0.012251;0.97851;0.95614;0.0064071;0.0045043;3.5293;2.63;0.012135;0.012692;0.022437;0.035793;0.012419;0.53082;0.53082;2.63;1.4224;1.4877;138.78;1.4224;0.65848;0.65848;0.5535;0.0085313;0.97714;42.742;0;42.742;0.019358;0.67218
2;-1;0.11239;0.0076008;5.6184;0.37998;0.32261;0.31281;5.2266;5.8914;0.0095079;0.025022;0.054313;0.11636;0.14058;0.0102;0.0102;5.8914;1.0313;2.7142;61.954;1.0313;0.064512;0.064512;2.5884;0.009219;0.067632;0.072552;0;0.072552;0.018692;0.36843
3;-1;0.089415;0.028202;1.509;0.47595;0.16139;0.087417;18.665;5.2924;-0.06411;-0.1347;-0.18378;-0.18378;-0.10866;-0.15681;-0.093804;5.2924;1.8462;3.8789;68.966;1.8462;0.31463;0.16819;0.59125;-0.034725;0.59;1.4431;0.67167;0.77146;-0.06411;0.2578
4;1;0.002397;0.0020293;0.79684;0.67457;-0.18598;-0.098776;7.023;4.6555;0.020942;0.031045;0.05178;0.079055;0.024737;0.15334;0.15334;4.6555;1.8829;2.7912;78.401;1.8829;0.43118;0.43118;0.47775;0.011122;0.84656;6.1985;0;6.1985;0.08064;0.35826
5;-1;0.028044;0.0071368;0.98436;0.2505;-0.0035991;-0.0032747;9.8116;8.3673;-0.11756;-0.46931;-0.89504;-0.89504;-0.46197;-0.15769;-0.15769;8.3673;1.099;4.3874;43.622;1.099;0.22859;0.22859;0.51615;-0.10697;0.25448;0.34135;0;0.34135;-0.075264;0.22793
6;1;0.030423;0.021398;1.0789;0.75886;0.05473;0.010528;17.154;11.967;0.014168;0.018671;0.032615;0.06108;0.020144;0.047937;0.047937;11.967;5.1987;6.8506;30.5;5.1987;0.13514;0.13514;0.61761;0.0027254;0.70337;2.3798;0;2.3798;0.041031;0.14597
7;1;0.04196;0.028531;1.1961;0.81328;0.13344;0.069451;5.5639;4.3723;0.078479;0.096496;0.17859;0.30343;0.11297;0.2604;0.24828;4.3723;1.9213;2.3625;83.479;1.9213;0.3483;0.34092;0.63257;0.040846;0.69467;2.305;0.048834;2.2562;0.13365;0.42329
8;1;0.12376;0.026388;1.7413;0.37129;0.15885;0.17219;4.8496;5.9639;0.021389;0.057608;0.13828;0.3267;0.093436;0.027935;0.027373;5.9639;0.92251;2.4846;61.201;0.92251;0.24419;0.22745;0.6757;0.023186;0.22892;0.29897;0.020501;0.27847;0.063275;0.40248
9;-1;0.076486;0.069154;0.98922;0.89439;0.00010051;3.402e-05;106.6;3.7047;-0.1434;-0.16033;-0.17981;-0.17981;-0.15861;-1.4958;-1.4958;3.7047;2.9546;3.3034;98.524;2.9546;0.29091;0.29091;0.88208;-0.048536;0.90413;9.4309;0;9.4309;-0.12445;0.30271
10;1;0.28062;0.077686;2.378;0.65831;0.32666;0.13409;13.02;6.4086;0.18065;0.27442;0.47523;0.54267;0.45292;0.3342;0.27265;6.4086;2.4361;3.7006;56.954;2.4361;0.16306;0.11317;0.95304;0.074155;0.39886;0.73788;0.22575;0.51213;0.21575;0.27023
11;-1;0.012682;0.012429;0.92099;0.90259;-0.07775;-0.025964;14.785;4.3548;-0.066337;-0.073496;-0.096472;-0.096472;-0.067689;-4.5493;-4.5493;4.3548;2.9945;3.3176;83.816;2.9945;0.32443;0.32443;0.70164;-0.022153;0.98003;67.209;0;67.209;-0.040535;0.30142
12;1;0.10917;0.061511;1.6074;0.90568;0.32421;0.036895;42.262;13.812;0.024137;0.026651;0.037937;0.073697;0.042838;0.05767;0.05767;13.812;8.7876;9.7028;26.427;8.7876;0.063825;0.063825;1.1292;0.0027467;0.56345;1.3462;0;1.3462;0.075656;0.10306
13;1;0.068447;0.036713;1.6504;0.88523;0.34886;0.082968;11.87;8.507;0.3177;0.35889;0.64276;1.1084;0.54712;0.75767;0.68525;8.507;4.2048;4.7499;42.906;4.2048;0.1373;0.12682;0.8512;0.075557;0.58068;1.3848;0.10569;1.2791;0.58642;0.21053
14;1;0.087773;0.048413;1.392;0.76778;0.22056;0.077366;45.536;4.3409;0.12667;0.16498;0.19287;0.28538;0.22965;0.28248;0.28248;4.3409;2.8509;3.7132;84.085;2.8509;0.19244;0.19244;1.1907;0.044432;0.55158;1.23;0;1.23;0.19468;0.26931
15;1;0.02404;0.023009;0.98581;0.94352;-0.0055418;-0.0012845;16.21;6.5934;0.021603;0.022896;0.033014;0.050568;0.022571;0.6188;0.6188;6.5934;4.3144;4.5727;55.358;4.3144;0.21937;0.21937;0.68368;0.0050071;0.9571;27.416;0;27.416;0.035903;0.21869
16;1;0.04008;0.012816;1.3112;0.41928;0.10876;0.060739;14.491;6.33;0.10466;0.24962;0.36997;0.63559;0.308;0.15855;0.15388;6.33;1.7907;4.2709;57.662;1.7907;0.18436;0.17348;0.83249;0.058447;0.33981;0.51478;0.030382;0.4844;0.18992;0.23414
17;-1;0.067169;0.12753;0.46099;0.87527;-1.0156;-0.075235;19.693;216.73;0.15184;0.17348;2.4379;2.4379;0.079972;-0.16896;-0.16896;216.73;13.499;15.422;1.6841;13.499;0.13848;0.13848;0.032804;0.011248;1.8987;-2.1128;0;-2.1128;0.15184;0.06484
18;1;0.23099;0.030868;3.7031;0.49486;0.33286;0.54113;7.4577;1.6147;0.038492;0.077784;0.10104;0.17118;0.28804;0.045958;0.045958;1.6147;0.61513;1.243;226.05;0.61513;0.20571;0.20571;2.8679;0.062576;0.13363;0.15955;0;0.15955;0.073406;0.80449
19;-1;0.036843;0.024474;0.90926;0.604;-0.060277;-0.0063485;32.452;33.088;0.0042236;0.0069927;0.014719;0.07129;0.0062007;0.013246;0.012581;33.088;9.4946;15.719;11.031;9.4946;0.07147;0.0697;0.42127;0.00044484;0.68115;2.1363;0.052915;2.0834;0.020457;0.063615
20;1;0.039515;0.022545;1.4092;0.804;0.2199;0.11512;4.8331;4.9458;0.18747;0.23317;0.48538;0.7514;0.32857;0.45429;0.45429;4.9458;1.9102;2.3759;73.801;1.9102;0.27056;0.27056;0.67693;0.09814;0.57056;1.3826;0;1.3826;0.29021;0.4209
21;1;1.2911;0.42535;2.6786;0.8825;0.55797;0.16233;315.63;7.7024;0.17905;0.20289;0.40124;0.5593;0.5328;0.26969;0.26703;7.7024;3.4372;3.8949;47.388;3.4372;0.096629;0.094731;1.3498;0.052093;0.33606;0.50617;0.0099443;0.49623;0.24959;0.25675
22;-1;0.24298;0.20893;0.90296;0.77642;-0.20535;-0.040455;22.046;15.051;0.048077;0.061921;0.14255;0.30107;0.055912;2.6372;2.6372;15.051;5.0759;6.5375;24.251;5.0759;0.16863;0.16863;0.39221;0.0094716;0.85986;47.167;0;47.167;0.093051;0.15296
23;1;0.47439;0.23586;1.3379;0.66518;0.16619;0.12134;54.175;3.3898;0.05721;0.086006;0.14159;0.21343;0.11507;0.11419;0.11419;3.3898;1.3696;2.059;107.68;1.3696;0.35828;0.35828;0.81268;0.041771;0.49718;0.99236;0;0.99236;0.088943;0.48567
24;-1;0.016071;0.0097709;0.91514;0.5564;-0.050974;-0.027647;8.9376;5.4172;-0.014498;-0.026057;-0.042599;-0.005427;-0.023846;-0.036984;-0.036984;5.4172;1.8437;3.3137;67.377;1.8437;0.3244;0.3244;0.55978;-0.0078635;0.60799;1.551;0;1.551;0.041975;0.30178
25;1;0.0030387;0.001953;0.69799;0.44861;-0.16807;-0.080939;11.796;7.6731;0.0055272;0.012321;0.020424;0.034046;0.0069414;0.028046;0.015764;7.6731;2.0765;4.6287;47.569;2.0765;0.38305;0.30919;0.33986;0.0026618;0.79627;4.0404;0.77909;3.2613;0.0092136;0.21604
26;1;1.4605;0.36596;3.3434;0.83775;0.58721;0.27694;21.238;5.7005;0.095597;0.11411;0.25702;0.35586;0.38152;0.1281;0.1281;5.7005;2.1203;2.531;64.029;2.1203;0.1149;0.1149;1.6797;0.045086;0.25057;0.33577;0;0.33577;0.13556;0.3951
27;-1;0.0085579;0.0011879;1.1576;0.16069;-0.50197;-2.0514;268.56;1.6061;0.001359;0.0084571;0.0089202;-0.0067679;0.006089;0.01649;0.008148;1.6061;0.2447;1.5228;227.25;0.2447;0.75839;0.47169;1.507;0.0055538;0.22319;2.7082;1.0238;1.6844;0.077644;0.6567
28;-1;0.012503;0.006337;0.78403;0.39739;-0.1053;-0.062889;7.2449;10.468;-0.25236;-0.63504;-1.5778;-1.5778;-0.36955;-0.79664;-0.51209;10.468;1.6743;4.2134;34.867;1.6743;0.39673;0.29447;0.23644;-0.15072;0.68287;2.1557;0.55566;1.6;-0.14959;0.23734
29;-1;0.22266;0.012936;6.4936;0.37727;0.32254;0.37146;4.1037;5.6848;0.0088432;0.02344;0.057896;0.1228;0.15221;0.0093886;0.0093886;5.6848;0.86831;2.3016;64.206;0.86831;0.054724;0.054724;2.629;0.010184;0.058099;0.061682;0;0.061682;0.017288;0.43449
30;-1;0.089224;0.073401;0.86098;0.70829;-0.24592;-0.11863;10.058;4.8347;0.0020329;0.0028701;0.0047411;0.040883;0.0024711;0.048217;0.048217;4.8347;2.073;2.9268;75.495;2.073;0.39563;0.39563;0.52121;0.00098063;0.82265;19.513;0;19.513;0.021273;0.34167
31;1;1.1722;0.14601;5.0779;0.63251;0.50405;0.33288;3.358;42.559;0.28135;0.44481;7.9078;8.9827;2.2587;0.32382;0.32382;42.559;1.5142;2.394;8.5763;1.5142;0.069533;0.069533;0.28563;0.18581;0.12456;0.14336;0;0.14336;0.3196;0.41772
32;-1;0.072121;0.058643;0.66788;0.54307;-0.26875;-0.31551;5.7299;2.537;0.0084398;0.015541;0.025136;0.15541;0.0088332;0.18951;0.045163;2.537;0.85182;1.5685;143.87;0.85182;1.1048;0.94024;0.35141;0.009908;0.95547;21.454;3.1961;18.258;0.052181;0.63754
33;1;0.06311;0.029075;0.90196;0.41554;-0.37045;-0.26088;8.254;6.6223;0.032479;0.078161;0.15147;0.33518;0.068777;0.17096;0.16117;6.6223;1.42;3.4172;55.117;1.42;0.32402;0.31611;0.45406;0.022873;0.47223;2.4857;0.060694;2.425;0.07416;0.29263
34;1;0.027998;0.026743;0.86401;0.82527;-0.11945;-0.022174;9.3559;24.183;-0.0064333;-0.0077953;-0.028881;-0.028881;-0.0067352;-0.14351;-0.14351;24.183;5.3869;6.5274;15.093;5.3869;0.17564;0.17564;0.23321;-0.0011942;0.95517;21.307;0;21.307;0.039965;0.1532
35;1;0.051039;0.017508;1.4031;0.48132;0.13288;0.22091;1.9546;3.8544;0.0010626;0.0022077;0.0068088;0.0080104;0.002652;0.0017953;0.001636;3.8544;0.60154;1.2498;94.697;0.60154;0.59657;0.51073;0.38949;0.0017665;0.40069;0.67698;0.097407;0.57958;0.0044115;0.80015
36;-1;0.0067634;0.0040226;1.0297;0.61242;0.0068574;0.0032459;6.5551;7.3838;-0.079588;-0.12996;-0.27817;-0.27817;-0.13382;-0.20221;-0.20221;7.3838;2.1126;3.4496;49.433;2.1126;0.23949;0.23949;0.48106;-0.037673;0.59475;1.5111;0;1.5111;-0.057413;0.28989
37;1;0.12312;0.062111;1.75;0.88279;0.37834;0.046281;27.556;15.6;0.49447;0.56012;0.94361;1.4804;0.9802;0.99783;0.99783;15.6;8.1748;9.2601;23.397;8.1748;0.061337;0.061337;1.0388;0.060487;0.50446;1.018;0;1.018;0.77576;0.10799
38;-1;0.033649;0.031627;0.94509;0.88829;-0.046538;-0.017252;41.084;3.4103;0.037884;0.042649;0.047894;0.047894;0.040307;0.66363;0.66363;3.4103;2.6976;3.0368;107.03;2.6976;0.33422;0.33422;0.84158;0.014044;0.9399;16.465;0;16.465;0.067002;0.32929
39;-1;0.016311;0.013252;0.84966;0.69032;-0.11732;-0.083955;2.7244;8.5121;0.0088402;0.012806;0.053851;0.30631;0.0097649;0.09335;0.04714;8.5121;1.3974;2.0242;42.88;1.3974;0.62786;0.56348;0.18133;0.0063263;0.9053;9.5598;0.98026;8.5795;0.050284;0.49402
40;-1;0.014349;0.0090746;1.3207;0.83522;0.19872;0.09554;538.37;2.5176;0.003649;0.0043689;0.0044169;0.021462;0.00577;0.01025;0.01025;2.5176;2.0799;2.4903;144.98;2.0799;0.29961;0.29961;1.3733;0.0017544;0.63242;1.7764;0;1.7764;0.017731;0.40156
41;-1;0.04065;0.019524;1.8356;0.88164;-0.02461;-0.024592;1.5233;4.8777;0.018351;0.020815;0.089447;0.13677;0.038209;0.21379;0.21379;4.8777;1.0007;1.1351;74.83;1.0007;0.446;0.446;0.42717;0.018338;0.48029;5.5953;0;5.5953;0.040138;0.88099
42;1;0.13978;0.087411;0.5831;0.36463;-0.28748;-0.18431;15.216;8.9273;0.085768;0.23522;0.4909;0.60451;0.13715;0.24972;0.24972;8.9273;1.5597;4.2775;40.886;1.5597;0.39919;0.39919;0.27939;0.054989;0.62534;1.8207;0;1.8207;0.11071;0.23378
43;1;1.7047;0.31619;4.4186;0.81956;0.65971;0.31025;7.8313;11.478;0.1557;0.18998;0.84041;1.4257;0.83944;0.19116;0.19116;11.478;2.1264;2.5946;31.801;2.1264;0.084582;0.084582;0.99884;0.073222;0.18548;0.22772;0;0.22772;0.26432;0.38542
44;1;0.011739;0.0043449;0.82563;0.30558;-0.064794;-0.031235;18.841;10.853;0.18587;0.60824;0.97241;1.5184;0.38089;0.3662;0.29719;10.853;2.0744;6.7883;33.632;2.0744;0.22937;0.17397;0.3917;0.089602;0.48798;0.96142;0.23221;0.72921;0.3099;0.14731
45;-1;0.017335;0.016468;1.0077;0.95729;0.01355;0.0083248;7.9587;2.2106;0.018401;0.019222;0.024991;0.051332;0.01937;0.36974;0.36974;2.2106;1.6277;1.7003;165.12;1.6277;0.53858;0.53858;0.77506;0.011305;0.95001;19.089;0;19.089;0.037796;0.58814
46;-1;0.015324;0.003734;1.965;0.47881;0.36715;0.24446;8.4186;5.0622;0.0097448;0.020352;0.032846;0.087362;0.039991;0.012884;0.012884;5.0622;1.5019;3.1366;72.103;1.5019;0.14321;0.14321;1.2175;0.0064884;0.24367;0.32218;0;0.32218;0.024199;0.31881
47;-1;0.00082415;0.00037291;1.1109;0.50263;0.041538;0.015094;17.068;8.0693;0.040079;0.079738;0.11752;0.22634;0.088577;0.074959;0.074959;8.0693;2.7519;5.4749;45.233;2.7519;0.16276;0.16276;0.7537;0.014564;0.45248;0.84626;0;0.84626;0.070151;0.18265
48;1;0.15667;0.091366;1.0796;0.62959;0.046114;0.0088679;63.779;11.386;0.063281;0.10051;0.13856;0.20301;0.10851;0.15254;0.15254;11.386;5.2001;8.2594;32.056;5.2001;0.11159;0.11159;0.78313;0.012169;0.58316;1.4057;0;1.4057;0.11045;0.12107
49;-1;0.24672;0.11989;1.3706;0.66604;0.10253;0.0253;108.51;7.9645;0.014831;0.022267;0.029148;0.068808;0.029215;0.035865;0.034077;7.9645;4.0524;6.0843;45.828;4.0524;0.12259;0.11735;1.0721;0.0036598;0.50764;1.2276;0.052481;1.1751;0.052691;0.16436
50;1;0.014767;0.013875;0.95569;0.89797;-0.038261;-0.0073376;9.3335;16.023;0.0070775;0.0078816;0.021748;0.058073;0.0074469;0.14699;0.12008;16.023;5.2143;5.8068;22.78;5.2143;0.18142;0.17936;0.34241;0.0013573;0.95039;19.739;0.22409;19.515;0.018898;0.17221
51;1;0.014162;0.011349;0.9962;0.79833;-0.0033365;-0.0029696;3.6766;2.334;0.016838;0.021092;0.034978;0.09023;0.021011;0.085107;0.085107;2.334;1.1235;1.4074;156.39;1.1235;0.69947;0.69947;0.6008;0.014987;0.80138;4.0505;2.1633e-09;4.0505;0.043723;0.71055
52;1;0.14518;0.079326;1.1797;0.64454;0.098209;0.028708;120.49;6.3726;0.13869;0.21518;0.25835;0.38205;0.25383;0.30728;0.30728;6.3726;3.4209;5.3076;57.277;3.4209;0.15785;0.15785;0.9825;0.040542;0.54638;1.2105;0;1.2105;0.20511;0.18841
53;1;0.91396;0.18791;1.5698;0.32275;0.13005;0.22872;137.75;4.3499;0.048257;0.14951;0.36916;0.56573;0.075736;0.13368;0.060888;4.3499;0.56862;1.7618;83.909;0.56862;0.99789;0.32199;0.20515;0.084867;0.63717;1.7651;1.1956;0.56956;0.11966;0.56761
54;-1;0.071427;0.05699;0.77847;0.62113;-0.16671;-0.068373;8.2801;9.0413;-0.21483;-0.34587;-0.79662;-0.79662;-0.26925;-1.0629;-1.0629;9.0413;2.4382;3.9254;40.37;2.4382;0.32322;0.32322;0.33799;-0.088109;0.79788;3.9477;0;3.9477;-0.17053;0.25475
55;-1;0.016451;0.013439;1.1239;0.9182;0.16557;0.068778;4.405;6.719;0.0041105;0.0044767;0.011473;0.021365;0.0050315;0.022496;0.022496;6.719;2.4073;2.6217;54.324;2.4073;0.33334;0.33334;0.43855;0.0017075;0.81695;4.471;0;4.471;0.069233;0.38143
56;1;0.070611;0.0098107;1.9264;0.26765;0.15021;0.15237;7.7894;7.5095;0.032584;0.12174;0.2482;0.34239;0.21822;0.038553;0.038085;7.5095;0.98585;3.6833;48.605;0.98585;0.11847;0.11024;0.88736;0.033052;0.14932;0.17667;0.012277;0.16439;0.041521;0.2715
57;1;0.059961;0.041785;0.87629;0.61065;-0.095299;-0.044482;12.164;5.4549;0.072835;0.11927;0.18545;0.29354;0.10404;0.25339;0.25058;5.4549;2.1424;3.5084;66.912;2.1424;0.32343;0.32194;0.56099;0.033997;0.70009;2.4356;0.011223;2.4244;0.11529;0.28503
58;-1;0.24622;0.071796;2.6006;0.75832;0.46158;0.10388;538.37;6.4721;0.10987;0.14488;0.16003;0.26001;0.37678;0.1603;0.1603;6.4721;4.4433;5.8594;56.395;4.4433;0.064542;0.064542;2.3544;0.024727;0.29159;0.42544;0;0.42544;0.1785;0.17067
59;1;0.064971;0.036316;0.55467;0.31003;-0.24796;-0.076449;29055;11.854;0.070754;0.22821;0.2586;0.43047;0.093288;0.29291;0.16042;11.854;3.2435;10.462;30.79;3.2435;0.23275;0.17153;0.36075;0.021814;0.75844;3.1398;0.82585;2.314;0.17328;0.095587
60;1;0.41464;0.25915;1.4598;0.91239;0.36082;0.10416;538.37;5.3033;0.28458;0.31191;0.43565;0.62616;0.45532;0.7589;0.7589;5.3033;3.4643;3.7969;68.825;3.4643;0.17944;0.17944;1.0452;0.082147;0.62501;1.6667;0;1.6667;0.4091;0.26337
61;1;0.0033558;0.0011249;1.6827;0.56407;0.10769;0.039559;9.9655;9.3945;0.014544;0.025784;0.05019;0.14519;0.043386;0.026766;0.026766;9.3945;2.7223;4.8262;38.852;2.7223;0.11563;0.11563;0.86443;0.0053425;0.33522;0.61692;0;0.61692;0.067781;0.2072
62;-1;0.038003;0.018953;1.2777;0.63723;-0.298;-0.3506;1.7377;6.5808;-0.10252;-0.16088;-0.79376;-0.79376;-0.20446;-1.7131;-1.6389;6.5808;0.84995;1.3338;55.465;0.84995;0.54434;0.5414;0.26009;-0.12062;0.50143;8.3788;0.045282;8.3335;-0.077744;0.74973
63;1;0.0096139;0.0075674;0.84846;0.66785;-0.11884;-0.038674;9.6702;8.9707;0.050498;0.075613;0.14743;0.23621;0.056726;0.47677;0.24162;8.9707;3.0727;4.6009;40.688;3.0727;0.28826;0.25488;0.38477;0.016434;0.89022;8.4048;0.97325;7.4315;0.08223;0.21735
64;-1;0.070131;0.05496;1.0876;0.85231;-0.10235;-0.020195;13.533;11.986;0.022395;0.026276;0.052963;0.12192;0.028577;0.49395;0.49395;11.986;5.0682;5.9464;30.453;5.0682;0.1534;0.1534;0.53957;0.0044188;0.78368;17.285;0;17.285;0.047601;0.16817
65;-1;0.23711;0.076404;1.5433;0.49729;0.17506;0.013241;73.754;54.713;0.20647;0.4152;0.85448;1.3362;0.48941;0.35715;0.30464;54.713;13.221;26.585;6.6712;13.221;0.031857;0.024333;0.57276;0.015618;0.42188;0.72975;0.17237;0.55738;0.32288;0.037615
66;-1;0.0025553;0.0018166;0.91615;0.65132;-0.11061;-0.062792;6.3017;4.7616;-0.052012;-0.079856;-0.14059;-0.14059;-0.07316;-0.28642;-0.28642;4.7616;1.7616;2.7047;76.655;1.7616;0.3896;0.3896;0.52039;-0.029525;0.71094;3.915;0;3.915;0.017852;0.36973
67;-1;0.37306;0.024087;0.73787;0.04764;-0.37741;-85.01;6.2019;0.1944;0.0025382;0.053278;0.11114;0.17635;0.004958;0.07249;0.0052618;0.1944;0.0044396;0.09319;1877.6;0.0044396;72.601;9.1564;0.98471;0.57171;0.51193;14.621;12.777;1.844;0.0040375;10.731
68;1;0.42839;0.11932;1.5409;0.42922;0.11855;0.059873;24.194;8.6823;0.23008;0.53605;1.0089;1.2634;0.82603;0.33826;0.33826;8.6823;1.98;4.6131;42.04;1.98;0.13472;0.13472;0.81874;0.1162;0.27854;0.4095;0;0.4095;0.36517;0.21677
69;-1;0.0033367;0.0026463;0.97933;0.77671;-0.029862;-0.011438;538.37;3.3729;7.1483e-05;9.2033e-05;9.2348e-05;0.032916;9.013e-05;0.00037043;0.00037043;3.3729;2.6108;3.3614;108.22;2.6108;0.30314;0.30314;0.97599;2.738e-05;0.79311;4.11;0;4.11;0.062591;0.2975
70;-1;0.025526;0.0088874;0.18504;0.064428;-0.29266;-4.4305;195.42;1.1966;-0.026797;-0.41592;-0.48543;-0.48543;-0.026037;-0.69791;-0.041699;1.1966;0.066055;1.0253;305.03;0.066055;15.085;5.1033;0.060486;-0.40568;1.0292;-26.805;-17.737;-9.068;-0.0088778;0.97537
71;1;0.89964;0.16897;2.9878;0.56115;0.36479;0.098738;44.436;11.955;0.35246;0.62811;1.1405;1.7297;1.8766;0.43903;0.43903;11.955;3.6945;6.5839;30.532;3.6945;0.050202;0.050202;1.6454;0.095402;0.18782;0.23394;0;0.23394;0.51764;0.15189
72;-1;0.07551;0.024518;0.85476;0.27755;-0.045778;-0.04626;10.193;6.3461;-0.079908;-0.28791;-0.51243;-0.51243;-0.2461;-0.11838;-0.11838;6.3461;0.9896;3.5655;57.516;0.9896;0.32037;0.32037;0.48025;-0.080748;0.3247;0.48102;0;0.48102;-0.033849;0.28046
73;-1;0.025345;0.013058;0.56359;0.29038;-0.36501;-0.11524;37.869;16.353;0.022674;0.078083;0.11707;0.12715;0.02969;0.25417;0.067151;16.353;3.1673;10.907;22.32;3.1673;0.22902;0.15452;0.25362;0.0071587;0.76367;8.5609;2.7851;5.7758;0.024627;0.091681
74;1;0.98163;0.21053;2.9389;0.6303;0.49467;0.28234;306.35;4.2314;0.18869;0.29936;0.45571;0.71306;0.8798;0.24792;0.24792;4.2314;1.752;2.7797;86.259;1.752;0.11994;0.11994;1.9306;0.1077;0.21447;0.28179;0;0.28179;0.29525;0.35975
75;-1;0.066212;0.028922;1.3429;0.58661;0.15319;0.099242;8.5703;4.0881;0.041626;0.070959;0.11024;0.21788;0.095295;0.074349;0.074349;4.0881;1.5436;2.6314;89.284;1.5436;0.2792;0.2792;0.92143;0.026967;0.43681;0.7802;0;0.7802;0.13383;0.38003
76;1;1.2701;0.2591;3.5112;0.71629;0.50878;0.1665;25.802;9.0204;0.33998;0.47464;1.0036;1.4556;1.6666;0.42949;0.42949;9.0204;3.0557;4.2661;40.464;3.0557;0.064747;0.064747;1.6606;0.11126;0.204;0.25771;0;0.25771;0.49311;0.23441
77;-1;0.18782;0.084791;1.2674;0.57218;-0.49654;-0.96921;1.3329;4.9732;-0.13488;-0.23572;-1.3093;-1.3093;-0.22841;-0.63904;-1.8732;4.9732;0.51232;0.89537;73.394;0.51232;0.93736;0.71662;0.17642;-0.26327;0.59052;-2.7978;-0.65884;-2.139;-0.12338;1.1169
78;-1;0.0040845;0.0022391;1.0171;0.55759;0.0093399;0.0048097;4.5554;15.046;-0.042038;-0.075392;-0.3257;-0.3257;-0.076683;-0.094477;-0.094477;15.046;1.9419;3.4827;24.26;1.9419;0.27742;0.27742;0.23544;-0.021648;0.54821;1.2321;0;1.2321;-0.027151;0.28714
79;1;0.010314;0.0085341;1.1344;0.93862;0.071912;0.024807;25.326;3.5541;0.079809;0.085028;0.09785;0.15873;0.096452;0.62677;0.62677;3.5541;2.8988;3.0884;102.7;2.8988;0.28291;0.28291;0.98572;0.027531;0.82744;6.4983;0;6.4983;0.14184;0.32379
80;-1;0.019972;0.01172;1.237;0.72592;0.12737;0.09039;4.0397;3.8565;0.0024266;0.0033428;0.0066411;0.0066411;0.0041351;0.0060445;0.0060445;3.8565;1.4091;1.9411;94.646;1.4091;0.41374;0.41374;0.72017;0.0017221;0.58682;1.4618;0;1.4618;0.0024789;0.51516
81;-1;0.0086489;0.0039828;0.97665;0.44975;-0.0262;-0.018423;4.7954;9.5316;-0.028252;-0.062816;-0.18935;-0.18935;-0.050022;-0.067562;-0.054076;9.5316;1.4221;3.1621;38.294;1.4221;0.37487;0.30565;0.26419;-0.019866;0.56479;1.3506;0.24939;1.1013;2.4913e-05;0.3162
82;1;0.11424;0.045394;0.23606;0.093802;-0.30208;-0.19194;993.64;33.611;0.029992;0.31974;0.64054;0.64054;0.031586;0.74582;0.050629;33.611;1.5738;16.778;10.86;1.5738;0.59357;0.2484;0.049312;0.019057;0.94953;23.612;13.731;9.881;0.062935;0.059602
83;-1;0.036418;0.011023;1.064;0.32205;-0.086134;-0.057392;7.2033;14.617;0.0022115;0.006867;0.021539;0.021539;0.0033019;0.0098405;0.0037367;14.617;1.5008;4.6602;24.971;1.5008;0.38059;0.172;0.1533;0.0014735;0.66976;2.9803;1.6334;1.3468;0.058171;0.21458
84;-1;0.030893;0.027321;0.44316;0.39192;-0.34546;-0.17779;12.809;9.1268;-0.17021;-0.43431;-0.79951;-0.79951;-0.19247;-1.4958;-1.4958;9.1268;1.9431;4.9579;39.992;1.9431;0.44855;0.44855;0.24073;-0.0876;0.88437;7.7718;0;7.7718;-0.055506;0.2017
85;1;0.0055552;0.0043626;1.1139;0.87478;0.046055;0.013925;6.2421;9.7119;0.023706;0.027099;0.06961;0.11925;0.030187;0.13993;0.13993;9.7119;3.3074;3.7809;37.583;3.3074;0.2363;0.2363;0.43365;0.0071675;0.78532;4.6356;0;4.6356;0.050815;0.26449
86;-1;0.0087846;0.007441;1.1224;0.95068;0.12706;0.059978;5.5847;3.7565;0.00639;0.0067216;0.011331;0.017468;0.0074982;0.045089;0.043503;3.7565;2.1184;2.2283;97.165;2.1184;0.39874;0.39632;0.66172;0.0030165;0.85221;6.0134;0.036465;5.9769;0.04476;0.44878
87;1;1.412;0.23099;3.9536;0.64677;0.48386;0.29267;10.669;6.3388;0.067441;0.10427;0.25858;0.31986;0.41225;0.080795;0.080795;6.3388;1.6532;2.5561;57.582;1.6532;0.096273;0.096273;1.5943;0.040793;0.16359;0.19599;0;0.19599;0.08558;0.39121
88;-1;0.077757;0.030256;1.139;0.44318;0.06031;0.040524;16.243;4.632;-0.15836;-0.35733;-0.49287;-0.49287;-0.20076;-0.74987;-0.25923;4.632;1.4883;3.3581;78.8;1.4883;0.51134;0.25223;0.40732;-0.10641;0.78882;3.7352;1.8927;1.8425;-0.073128;0.29779
89;1;1.8141;0.19439;6.806;0.72928;0.61916;0.54894;5.1644;3.5639;0.079566;0.1091;0.2514;0.27781;0.74255;0.08943;0.08943;3.5639;1.1279;1.5466;102.42;1.1279;0.092964;0.092964;2.9571;0.070542;0.10715;0.12044;0;0.12044;0.079566;0.64657
90;-1;0.39551;0.028696;0.73903;0.05362;-0.36911;-1.2742;2248.6;11.683;0.010125;0.18883;0.40835;0.78512;0.020013;0.22657;0.02118;11.683;0.28969;5.4026;31.241;0.28969;1.5321;0.21971;1.0137;0.034952;0.50592;11.321;9.6974;1.6235;0.063366;0.18509
91;-1;0.40552;0.082552;2.676;0.54475;0.34118;0.26504;9.6697;3.9119;0.038655;0.070959;0.11747;0.21966;0.18989;0.048536;0.048536;3.9119;1.2873;2.3631;93.306;1.2873;0.12877;0.12877;1.6165;0.030028;0.20357;0.2556;0;0.2556;0.063889;0.42318
92;-1;0.05752;0.028;1.134;0.55201;0.079176;0.037917;10.87;6.2915;-0.13318;-0.24126;-0.40125;-0.40125;-0.19692;-0.41145;-0.25951;6.2915;2.0882;3.7829;58.015;2.0882;0.31961;0.23005;0.493;-0.063777;0.6763;2.0894;0.58547;1.5039;-0.11258;0.26435
93;1;0.41035;0.15782;1.6111;0.61963;0.23475;0.08781;7.5797;24.503;0.23802;0.38413;2.1816;3.4129;0.61887;0.38695;0.38695;24.503;2.6734;4.3145;14.896;2.6734;0.14142;0.14142;0.28368;0.089034;0.38461;0.62526;0;0.62526;0.37237;0.23178
94;1;0.044758;0.027191;0.81361;0.49427;-0.11135;-0.052291;538.37;7.9625;-0.016979;-0.034352;-0.063487;0.0082841;-0.027949;-0.043259;-0.043259;7.9625;2.1295;4.3083;45.84;2.1295;0.28394;0.28394;0.44023;-0.0079733;0.60751;1.5478;0;1.5478;0.049858;0.23211
95;-1;0.062452;0.047247;0.5048;0.3819;-0.38106;-0.272;5.5785;16.775;0.11914;0.31197;1.4266;1.686;0.14353;0.73447;0.5053;16.775;1.401;3.6684;21.759;1.401;0.58244;0.53082;0.10061;0.085042;0.8301;5.1174;0.45352;4.6638;0.14395;0.2726
96;-1;0.023539;0.007181;1.2231;0.37313;0.085427;0.1063;4.7609;5.5368;-0.12088;-0.32396;-0.8328;-0.8328;-0.28006;-0.21502;-0.17551;5.5368;0.80366;2.1538;65.923;0.80366;0.52777;0.37303;0.33629;-0.15041;0.43162;0.76776;0.22511;0.54265;-0.087463;0.46429
97;1;0.01124;0.0050692;1.3989;0.63093;0.2304;0.43324;1.8466;1.574;-0.023829;-0.037768;-0.070528;-0.070528;-0.023981;-33.187;-0.043855;1.574;0.53181;0.8429;231.89;0.53181;1.6735;0.75958;0.34003;-0.044807;0.99364;1383.9;755.76;628.14;-0.023829;1.1864
98;1;0.085119;0.014913;1.4732;0.25811;0.12323;0.095251;13.689;8.7009;0.012239;0.047417;0.082313;0.16293;0.065787;0.015088;0.014889;8.7009;1.2937;5.0122;41.95;1.2937;0.14273;0.13442;0.79923;0.0094603;0.18604;0.22934;0.013356;0.21599;0.026201;0.19951
99;1;0.010599;0.0082437;1.1298;0.87873;0.0941;0.066223;3.9944;2.7605;0.04122;0.046909;0.080078;0.11173;0.052995;0.19512;0.19512;2.7605;1.4209;1.6171;132.22;1.4209;0.53559;0.53559;0.66179;0.029009;0.7778;3.6818;0;3.6818;0.057515;0.61841
100;1;1.509;0.38383;3.2253;0.8204;0.56607;0.18474;23.613;9.9873;0.11154;0.13595;0.36354;0.51216;0.43849;0.1505;0.1505;9.9873;3.0642;3.735;36.546;3.0642;0.081945;0.081945;1.3619;0.0364;0.25436;0.34322;0;0.34322;0.16108;0.26774
101;-1;0.052277;0.048646;1.0085;0.93847;0.010264;0.0013357;18.885;15.913;0.019047;0.020295;0.039442;0.071831;0.020332;0.30608;0.2781;15.913;7.6845;8.1884;22.937;7.6845;0.12148;0.12067;0.51548;0.0024786;0.9368;15.054;0.10059;14.954;0.079459;0.12212
102;-1;0.002752;0.0039344;0.29487;0.42155;-0.92904;-0.541;8.7029;7.7955;-0.59345;-1.4078;-2.6939;-2.6939;-0.41511;-1.359;-1.359;7.7955;1.7173;4.0738;46.822;1.7173;0.795;0.795;0.15409;-0.34558;1.4296;-3.2738;0;-3.2738;-0.37934;0.24547
103;1;0.040216;0.039092;0.9778;0.95046;-0.0058286;-0.0017598;11.075;5.4092;0.011898;0.012518;0.019431;0.047987;0.01224;0.44924;0.44924;5.4092;3.3121;3.4847;67.478;3.3121;0.28645;0.28645;0.62992;0.0035922;0.97204;36.704;0;36.704;0.031012;0.28697
104;1;0.51104;0.051844;1.2964;0.13152;0.024574;0.25991;1.6828;4.0254;-0.024634;-0.18731;-1.0488;-1.0488;-0.055807;-0.044539;-0.027584;4.0254;0.094551;0.71892;90.674;0.094551;4.5073;1.0359;0.053212;-0.26054;0.44141;0.79808;0.61466;0.18342;-0.024109;1.391
105;-1;0.11191;0.026939;1.1002;0.26484;-0.45101;-0.93906;1311.4;2.0491;0.0068477;0.025856;0.029215;0.029215;0.019332;0.09226;0.03648;2.0491;0.48028;1.8135;178.13;0.48028;0.59736;0.40597;1.1907;0.014258;0.35422;4.7724;1.529;3.2434;0.090165;0.55143
106;-1;0.014329;0.010841;0.85687;0.64827;-0.11015;-0.064168;3.7758;9.3894;0.014455;0.022297;0.079066;0.31725;0.016587;0.11642;0.060465;9.3894;1.7165;2.6479;38.874;1.7165;0.50287;0.43657;0.20978;0.0084208;0.87145;7.0185;0.92533;6.0932;0.088947;0.37766
107;1;0.97108;0.19077;4.4492;0.87406;0.68327;0.42535;28.62;7.0349;0.094395;0.108;0.4134;0.55565;0.4805;0.11748;0.11748;7.0349;1.6063;1.8378;51.884;1.6063;0.11445;0.11445;1.1623;0.058764;0.19645;0.24449;0;0.24449;0.12671;0.54413
108;-1;0.17042;0.29893;0.44541;0.78128;-0.96357;-0.083466;25.02;551.21;-0.36317;-0.46484;-17.34;-17.34;-0.20704;-0.48161;-0.48161;551.21;11.544;14.776;0.66218;11.544;0.14604;0.14604;0.01194;-0.031458;1.7541;-2.3261;0;-2.3261;-0.36317;0.067676
109;-1;0.093897;0.048531;1.6782;0.86739;0.34907;0.12022;17.383;4.4547;-0.19988;-0.23044;-0.30665;-0.29482;-0.18696;-2.8318;-0.41497;4.4547;2.9037;3.3476;81.936;2.9037;0.35278;0.17055;0.60968;-0.068837;1.0691;-15.146;-7.824;-7.3224;-0.13383;0.29872
110;-1;0.0474;0.018366;1.5086;0.58452;0.1988;0.13878;9.1803;3.493;0.012232;0.020926;0.029826;0.064483;0.031569;0.020138;0.020138;3.493;1.4325;2.4507;104.5;1.4325;0.268;0.268;1.09;0.0085388;0.38747;0.63791;0;0.63791;0.057914;0.40804
111;-1;0.099165;0.03577;2.2983;0.82904;0.46302;0.13842;20.769;5.291;0.0079191;0.0095521;0.012526;0.039301;0.009055;0.065943;0.012492;5.291;3.345;4.0348;68.985;3.345;0.25179;0.10385;0.7229;0.0023674;0.87455;7.2825;4.2788;3.0037;0.045575;0.24784
112;-1;0.047223;0.025187;0.85024;0.45349;-0.081073;-0.015542;30.494;20.278;0.054468;0.12011;0.21174;0.33448;0.06134;0.49872;0.11743;20.278;5.2163;11.503;18;5.2163;0.16773;0.10075;0.2897;0.010442;0.88797;8.1304;3.2468;4.8836;0.086787;0.086937
113;1;0.050797;0.027875;0.98003;0.5378;-0.0079021;-0.0024202;76.301;6.9895;0.040579;0.075453;0.086867;0.12286;0.073946;0.089928;0.089928;6.9895;3.2651;6.0711;52.221;3.2651;0.16704;0.16704;0.85125;0.012428;0.54876;1.2161;0;1.2161;0.066449;0.16471
114;-1;0.00017739;0.00023069;0.52852;0.68736;-0.64189;-0.2029;14.712;6.7016;-0.43907;-0.63878;-0.93007;-0.93;-0.33129;-1.2356;-1.3283;6.7016;3.1637;4.6027;54.465;3.1637;0.4114;0.4037;0.38404;-0.13879;1.3253;-3.7295;-0.069787;-3.6597;-0.30867;0.21727
115;-1;0.0027553;0.0019435;0.64522;0.45512;-0.25685;-0.15637;6.822;7.7331;0.0031574;0.0069375;0.014865;0.074901;0.0044763;0.011021;0.011021;7.7331;1.6426;3.609;47.199;1.6426;0.42093;0.42093;0.60051;0.0019223;0.70537;2.462;0;2.462;0.062066;0.27708
116;1;0.16186;0.082334;0.61585;0.31326;-0.199;-0.095937;25.505;13.866;0.030624;0.097758;0.20471;0.31025;0.032925;0.47185;0.062968;13.866;2.0743;6.6216;26.324;2.0743;0.43761;0.23932;0.16084;0.014764;0.93011;14.331;6.4935;7.8374;0.046413;0.15102
117;1;0.1652;0.055085;1.4941;0.49821;0.18007;0.092718;12.246;6.8254;0.14962;0.30032;0.52584;0.87763;0.44872;0.22448;0.22448;6.8254;1.9421;3.8981;53.477;1.9421;0.17041;0.17041;0.85334;0.077043;0.33345;0.50026;0;0.50026;0.2717;0.25653
118;-1;0.044275;0.02501;1.2751;0.72029;0.066001;0.025072;35.796;4.234;0.062847;0.087252;0.10108;0.15239;0.10882;0.18929;0.18233;4.234;2.6324;3.6547;86.208;2.6324;0.21181;0.20715;1.1996;0.023874;0.57755;1.7396;0.038194;1.7014;0.11105;0.27362
